{"stats":{"minecraft:crafted":{"minecraft:birch_planks":8},"minecraft:custom":{"minecraft:jump":27,"minecraft:leave_game":2,"minecraft:play_time":18102,"minecraft:sprint_one_cm":2369,"minecraft:damage_taken":20,"minecraft:time_since_death":18102,"minecraft:walk_one_cm":5306,"minecraft:total_world_time":18102,"minecraft:fall_one_cm":879,"minecraft:fly_one_cm":6880,"minecraft:time_since_rest":18102},"minecraft:mined":{"minecraft:birch_log":2,"minecraft:oak_leaves":2},"minecraft:picked_up":{"minecraft:birch_log":2}},"DataVersion":3700}