{"stats":{"minecraft:crafted":{"minecraft:birch_planks":8},"minecraft:custom":{"minecraft:time_since_rest":6913,"minecraft:leave_game":1,"minecraft:sprint_one_cm":721,"minecraft:play_time":6913,"minecraft:damage_taken":20,"minecraft:time_since_death":6913,"minecraft:walk_one_cm":4211,"minecraft:total_world_time":6913,"minecraft:fall_one_cm":879,"minecraft:fly_one_cm":1006,"minecraft:jump":20},"minecraft:mined":{"minecraft:birch_log":2,"minecraft:oak_leaves":2},"minecraft:picked_up":{"minecraft:birch_log":2}},"DataVersion":3700}