{"stats":{"minecraft:mined":{"minecraft:birch_log":2,"minecraft:oak_leaves":2},"minecraft:picked_up":{"minecraft:birch_log":2},"minecraft:custom":{"minecraft:jump":35,"minecraft:crouch_one_cm":1634,"minecraft:leave_game":4,"minecraft:play_time":21671,"minecraft:sprint_one_cm":3390,"minecraft:damage_taken":20,"minecraft:time_since_death":21671,"minecraft:walk_one_cm":6889,"minecraft:sneak_time":304,"minecraft:total_world_time":21671,"minecraft:fall_one_cm":879,"minecraft:fly_one_cm":32475,"minecraft:time_since_rest":21671},"minecraft:crafted":{"minecraft:birch_planks":8}},"DataVersion":3700}