{"stats":{"minecraft:mined":{"minecraft:birch_log":2,"minecraft:oak_leaves":2},"minecraft:picked_up":{"minecraft:birch_log":2},"minecraft:custom":{"minecraft:jump":28,"minecraft:leave_game":3,"minecraft:play_time":18364,"minecraft:sprint_one_cm":2369,"minecraft:damage_taken":20,"minecraft:time_since_death":18364,"minecraft:walk_one_cm":5481,"minecraft:total_world_time":18364,"minecraft:fall_one_cm":879,"minecraft:fly_one_cm":8235,"minecraft:time_since_rest":18364},"minecraft:crafted":{"minecraft:birch_planks":8}},"DataVersion":3700}